epoch,d_loss,g_loss
0,-10.469748707754272,-3.71386199326454
1,-15.379395297595433,-8.621043537344251
2,-13.272465109825134,-9.05422580242157
3,-11.329075932502747,-9.004293807915278
4,-9.924919213567462,-8.835102617740631
5,-8.907265782356262,-8.535291807992119
6,-8.03701662165778,-8.272825990404401
7,-7.383091407162802,-8.130929836205073
8,-6.920022811208453,-7.935147557939802
9,-6.564081260136196,-7.667675256729126
10,-6.234373884541648,-7.482204079627991
11,-5.932885927813394,-7.189863341195243
12,-5.806427248886654,-6.9653113058635165
13,-5.751377480370658,-6.682409754821232
14,-5.7883591737066,-5.977165618113109
15,-5.819952283586774,-5.810171855347497
16,-5.967892697879246,-5.468946652753012
17,-6.060558106218066,-4.937204441853932
18,-6.042667959417615,-4.651709858860288
19,-6.094241048608508,-4.535307773521969
20,-5.990399973733084,-4.7195912301540375
21,-5.974074729851314,-4.6096852123737335
22,-5.939250605446952,-4.545494364840644
23,-5.945458003452846,-5.060773040567126
24,-5.942357046263559,-5.217400048460279
25,-5.955392284052713,-5.177161808524813
26,-5.9511804069791525,-5.2677383082253595
27,-5.995446588311877,-5.774556943348476
28,-5.934995497976031,-5.571642807551792
29,-5.946676330907004,-5.891128395284925
30,-5.986424377986363,-6.081279235226767
31,-6.04406555209841,-6.223194573606763
32,-6.011692677225385,-6.226539177553994
33,-6.001959766660418,-6.5176993778773715
34,-5.978391902787345,-6.587828304086413
35,-6.014366379805973,-6.688510324273791
36,-6.03747307402747,-6.973498812743595
37,-6.031054326466152,-6.778488457202911
38,-6.0571151205471585,-7.205904611519405
39,-6.0450159055846076,-7.250400372913906
40,-6.095472591263907,-7.694200311388288
41,-6.088090521948678,-7.698217179094042
42,-6.0610641070774625,-7.677397106375013
43,-6.1153111798422675,-7.948370039463043
44,-6.082243510654995,-8.147945369992938
45,-6.096193833010537,-8.340753069945745
46,-6.139355914933341,-8.387050202914647
47,-6.120712246213641,-8.570493638515472
48,-6.111619251114981,-8.681346544197627
49,-6.119343502180917,-8.720958369118827
50,-6.094871699810028,-8.579317220619746
51,-6.060708258833204,-8.960327846663338
52,-6.042140858513968,-8.897798240184784
53,-6.089782382760729,-8.913269902978625
54,-6.050241265978132,-9.040355214050837
55,-6.056732101099832,-8.883750907012395
56,-6.048993859972272,-9.02761036157608
57,-6.077264394078936,-8.782753254686083
58,-6.093670189380646,-8.977069939885821
59,-6.052724182605743,-8.723977199622563
60,-6.05517577273505,-8.870874209063393
61,-6.074594421046121,-8.7966126033238
62,-6.0271256140300205,-8.852935935769763
63,-6.0518976620265414,-8.778743760926384
64,-6.003471110548292,-8.865236154624395
65,-5.979769493852343,-8.836231393473488
66,-5.951024234294891,-8.634312553065163
67,-5.958623928683145,-8.459263520581382
68,-5.946901398045676,-8.592533682073865
69,-5.985342868736812,-8.522167452744075
70,-5.94563056741442,-8.269408983843666
71,-5.899157438959394,-8.323627199445452
72,-5.913093779768262,-7.917440516608102
73,-5.89512654713222,-7.9730208686419894
74,-5.924131810665131,-8.092648991516658
75,-5.881920627185276,-7.615508667060307
76,-5.849661793027606,-7.870875009468624
77,-5.892439680440085,-7.508178361824581
78,-5.861979067325592,-7.696205999170031
79,-5.839857084410531,-7.301141355718885
80,-5.801347604819706,-7.202609981809344
81,-5.819024928978512,-7.311133759362357
82,-5.802169186728341,-6.868975277457919
83,-5.788657477923802,-6.728551038673946
84,-5.777012058666775,-6.744295162814004
85,-5.749809316226414,-6.783164603369577
86,-5.782346742493766,-6.480833398444312
87,-5.782840396676745,-6.409386566707066
88,-5.811620022569384,-6.126430864845004
89,-5.76605943271092,-6.107672635998044
90,-5.755023198468344,-5.945216332163129
91,-5.766516336372921,-5.681691186768668
92,-5.748557559081486,-5.492965796164104
93,-5.761921780450003,-5.197722260441099
94,-5.720965504646301,-5.309849368674414
95,-5.781387252467019,-4.884510870490756
96,-5.732909909316471,-4.7062939788614
97,-5.718042033059256,-4.707697055169514
98,-5.710153307233538,-4.545977456229074
99,-5.684090444019863,-4.429919915539878
100,-5.703931885106223,-4.340335309505463
101,-5.68967650617872,-4.189648636749813
102,-5.688093287604196,-4.272686617715018
103,-5.6670558622905185,-4.1605230910437445
104,-5.681197660309928,-3.8667683686528886
105,-5.662394608770098,-4.018837698868343
106,-5.6901818343571255,-3.7972010608230318
107,-5.677284215177808,-3.74543455775295
108,-5.692658986364092,-3.549764939716884
109,-5.69169899395534,-3.6398038480963026
110,-5.716781411852155,-3.4727244276021207
111,-5.657484378133502,-3.602127805352211
112,-5.683968245983124,-3.3877908161708286
113,-5.627635078770774,-3.2523982652596066
114,-5.673404940537044,-3.2633488731724873
115,-5.651515117713383,-3.2499504408666064
116,-5.6321971246174405,-3.2731029838323593
117,-5.579778500965664,-3.1919194800513133
118,-5.586000536169324,-3.143387019634247
119,-5.6055161612374445,-2.7654545983033523
120,-5.621627373354776,-2.943267527435507
121,-5.60524456841605,-3.1269373670220375
122,-5.584622383117676,-2.9258423067097152
123,-5.591916501522064,-2.9799593410321643
124,-5.553556868008205,-2.9419364146888256
125,-5.570988263402667,-2.7407321525471553
126,-5.523237424237387,-2.9143980581845557
127,-5.5620167425700595,-2.7032965889998843
128,-5.563985202993665,-2.8224593410268426
129,-5.555654040404728,-2.8119793930756196
130,-5.585727291447776,-2.61179081723094
131,-5.500468441418239,-2.661026996693441
132,-5.491102337837219,-2.6372978080596243
133,-5.548240278448377,-2.677114985883236
134,-5.4869392684527805,-2.6019812444491044
135,-5.473911838872092,-2.3618885152308002
136,-5.4242914233888895,-2.490393775315689
137,-5.419833677155631,-2.693235881626606
138,-5.444385886192322,-2.362213653778391
139,-5.415548597063337,-2.55836326948234
140,-5.45641599382673,-2.4348870079432214
141,-5.432763414723532,-2.2187220150870934
142,-5.449241484914507,-2.265197285317949
143,-5.458426424435207,-2.1069973401193107
144,-5.431020591940198,-2.209220163790243
145,-5.453829220363072,-2.079483966476151
146,-5.424514157431466,-1.94166608926441
147,-5.458998790809086,-1.8579729728932892
148,-5.418225543839591,-1.9409440622798033
149,-5.425113175596509,-1.8504099096836788
150,-5.444060019084385,-1.566031029181821
151,-5.4377272469656805,-1.5104049662394183
152,-5.4478428874697,-1.6270052450043815
153,-5.396815879004342,-1.6306246710675103
154,-5.395859565053668,-1.355756667974804
155,-5.394242882728577,-1.4058946285929
156,-5.409500760691507,-1.1852638825907238
157,-5.390303892748697,-1.2543852952575045
158,-5.413835610662188,-1.0527135184966028
159,-5.375405762876783,-0.8865635256682124
160,-5.351558830056872,-0.8918599826948983
161,-5.383187515395028,-0.9697257888037711
162,-5.334071448871067,-0.7953187130125505
163,-5.3508597782679965,-0.5963855858093926
164,-5.3569561413356235,-0.5624928222303944
165,-5.3345418231827875,-0.5779031818466527
166,-5.317513712814876,-0.5751637859669115
167,-5.319367860044752,-0.3003476757689246
168,-5.309607633522579,-0.26214437732206924
169,-5.288882349218641,-0.16074105092723454
170,-5.315460222108023,-0.4417031036822924
171,-5.30782003062112,0.0020332959414060625
172,-5.323498734406063,-0.17489406719271625
173,-5.309828690120152,-0.14590482460334897
174,-5.245077422686985,0.06075091640065823
175,-5.271229224545615,0.028710602716143643
176,-5.243946296828134,-0.08611593235816274
177,-5.22675485270364,0.04620740017188447
178,-5.203624486923218,0.3543429317485009
179,-5.238411937441144,0.3854323790541717
180,-5.18785024540765,0.1382473140422787
181,-5.189310703958784,0.515859249114458
182,-5.142813341958182,0.44479737410854014
183,-5.1902496218681335,0.40948731784841846
184,-5.1688452788761685,0.652495429285669
185,-5.1817041380064826,0.8164553297018367
186,-5.211670211383274,0.6526583751131382
187,-5.148525033678327,0.8250172159168869
188,-5.183636009693146,1.0343525224099201
189,-5.182838601725442,0.983043801338811
190,-5.172786474227905,0.7337616136563676
191,-5.167094733033862,0.909870949839907
192,-5.159427762031555,0.9531398601830006
193,-5.1630381516047885,0.7663494763629777
194,-5.161810781274523,0.9285540534848613
195,-5.179131695202419,1.021634142779346
196,-5.175726669175284,0.8245055279694498
197,-5.125444182327816,0.9652214253853474
198,-5.129407516547611,1.2028747571831835
199,-5.121546753815243,1.1168323611574513
200,-5.119796761444637,1.1607831877523236
201,-5.11371556350163,1.097023167381329
202,-5.128890633583069,1.1458440412368094
203,-5.138201338904245,1.1996283241148507
204,-5.1203493390764505,1.014741079615695
205,-5.190703306879316,1.4996761822008662
206,-5.106726671968188,1.2417706031618374
207,-5.122527514185224,1.3363437919345285
208,-5.1139867561204095,1.4196003778238915
209,-5.1415819610868185,1.369180029457701
210,-5.1050052387373785,1.767814643414957
211,-5.121410855225155,1.4642678006951297
212,-5.152537422520774,1.4572758693248034
213,-5.095083091940198,1.5791130932047963
214,-5.129389115742275,1.7225417832710914
215,-5.049268918378012,1.344896841262068
216,-5.112243780067989,1.5394855287990399
217,-5.061415800026485,1.5897579624184541
218,-5.0615697247641425,1.7605932571792178
219,-5.070392710821969,1.5917798662558198
220,-5.033340036869049,1.6984843877809388
221,-5.038970325674329,1.7739403495298964
222,-4.983748844691685,1.767941749056003
223,-5.039291066782815,1.8208111189305782
224,-5.0462149892534525,1.938141739262002
225,-4.993183067866734,2.0983708639230048
226,-5.007177710533142,2.1835664015795504
227,-5.03568331684385,1.9603489004075527
228,-5.048672761235919,2.2593740493591343
229,-5.019416459969112,2.1485821636659757
230,-5.025889226368496,2.297048590012959
231,-4.986512976033347,2.2796513145523414
232,-5.0024281569889615,2.425574849226645
233,-5.0136116061891824,2.387071111239493
234,-5.00399203811373,2.4033383407763074
235,-4.9884776302746365,2.515154325536319
236,-4.988727501460484,2.4969694316387177
237,-4.978119109358106,2.645333827074085
238,-5.005418820040567,2.4620229734906127
239,-4.986404410430363,2.575016470093812
240,-5.006893813610077,2.7816228957048486
241,-4.9772994858878,2.765715898147651
242,-4.938010258334024,2.7556604397084032
243,-4.989861616066524,2.950174344969647
244,-4.9932058453559875,2.9515790534870967
245,-4.960293097155435,2.8711149224213193
246,-4.911461063793728,3.047676233441702
247,-4.9811577796936035,2.9555464924446175
248,-4.974593835217612,2.997647368482181
249,-4.98049533367157,3.128296109182494
250,-4.97505293573652,3.1895123784031187
251,-4.945635548659733,2.8206935471722057
252,-4.939669796398708,3.2727588223559514
253,-4.934109994343349,3.0448187658829347
254,-4.911578340189798,3.2799423166683743
255,-4.924635606152671,3.186967907207353
256,-4.940462095396859,3.186653451195785
257,-4.954019572053637,3.372879166688238
258,-4.917884903294699,3.617340317794255
259,-4.916887751647404,3.265543963227953
260,-4.900024209703718,3.558507574456079
261,-4.926693107400622,3.318250316594328
262,-4.906884687287467,3.415714913180896
263,-4.917768827506474,3.6401507886392728
264,-4.924625328608921,3.5299422570637295
265,-4.905115212712969,3.478942566684314
266,-4.870618445532663,3.4117976235491887
267,-4.881032381738935,3.438282032098089
268,-4.8864549568721225,3.56023449663605
269,-4.870661616325378,3.252133412020547
270,-4.885736542088645,3.340812552188124
271,-4.895417417798724,3.4538466313055585
272,-4.894511708191463,3.477442200694765
273,-4.886388318879264,3.473073418651308
274,-4.864912373679025,3.3692383265921046
275,-4.8627473797116965,3.404190169913428
276,-4.871768023286547,3.5542655012437274
277,-4.863100332873208,3.4624290274722234
278,-4.864712068012783,3.397640151636941
279,-4.852181094033377,3.2968557668583736
280,-4.8844678316797525,3.5540598269019807
281,-4.835121205874851,3.5342309357864514
282,-4.859888698373522,3.6082132224525725
283,-4.869299948215485,3.6278464709009444
284,-4.849926114082336,3.617641276546887
285,-4.8750934685979574,3.2896112224885394
286,-4.837377888815744,3.6671978203313693
287,-4.826033464499882,3.6610286980867386
288,-4.817416787147522,3.53384305536747
289,-4.820744965757642,3.8057791888713837
290,-4.845465787819454,3.649502149650029
291,-4.844419070652553,3.7170093517218317
292,-4.840573396001544,3.8893059428249086
293,-4.7965799655233115,3.657016632812364
294,-4.82678131546293,3.9823133839028224
295,-4.815723317010062,3.9020721295050214
296,-4.807226572717939,3.9092249189104353
297,-4.784790303025927,4.0068790678467066
298,-4.796356218201773,3.8642981371709277
299,-4.817869237491062,4.030823860849653
300,-4.815410954611642,3.974934603486742
301,-4.780992661203657,3.9084785538060323
302,-4.8333199960844855,4.010654924171312
303,-4.801111042499542,3.9589113486664638
304,-4.8018395730427335,3.8231445785079683
305,-4.732713912214551,4.050054145710809
306,-4.77320875440325,4.188551438706262
307,-4.793699307101114,3.99960549388613
308,-4.789718219212124,4.10420915058681
309,-4.807344896452768,3.7653517552784512
310,-4.777992878641401,4.317141515868051
311,-4.790741605418069,4.1121405724968225
312,-4.772717935698373,4.108672835997173
313,-4.812756282942636,4.109775215387344
314,-4.7587350862366815,4.225785757814135
315,-4.810238557202475,4.194438821503094
316,-4.752119958400726,4.180257411939757
317,-4.763728031090328,4.216055963720594
318,-4.752205286707197,4.353503044162478
319,-4.713096448353359,4.279183958257947
320,-4.754191901002612,4.420086664812906
321,-4.75160494021007,4.18942586013249
322,-4.735865729195731,4.39870591035911
323,-4.732107528618404,4.478444384677069
324,-4.728621712752751,4.389747951711927
325,-4.74440781559263,4.459632234913962
326,-4.747540882655552,4.582102256161826
327,-4.75227563721793,4.475702860525677
328,-4.738995956523078,4.540894380637577
329,-4.7108525804110934,4.683535339576857
330,-4.758289856570108,4.773311399987766
331,-4.747411446911948,4.819324531725475
332,-4.737812076296125,4.486436256340572
333,-4.6995764034135,4.900036730936596
334,-4.761927357741764,4.764642719711576
335,-4.686977744102478,4.743881349052701
336,-4.730116529124124,4.846338772347996
337,-4.73095897265843,4.587884587900979
338,-4.729799398354122,4.8709534874984195
339,-4.691253619534629,4.689662852457592
340,-4.719507966722761,4.880297030721392
341,-4.739520081451961,4.744426331349781
342,-4.764726442950113,5.1978129531656
343,-4.684822184698922,5.110843901123319
344,-4.711257040500641,5.134232687098639
345,-4.704282692500523,5.138508511441095
346,-4.646607654435294,5.015003089393888
347,-4.668418833187649,4.969465162072863
348,-4.678508681910379,5.12449865256037
349,-4.681040619100843,4.993709300245557
350,-4.659903245312827,5.1872053018638065
351,-4.691587558814457,4.940203121730259
352,-4.702795786517007,5.086574064833777
353,-4.626154967716762,5.344660460948944
354,-4.648715138435364,5.330782685961042
355,-4.686760127544403,5.357615879603794
356,-4.664120972156525,5.323288836649486
357,-4.6769322497504096,5.395089017493384
358,-4.62533814566476,5.325767397880554
359,-4.665442100593022,5.298513408218112
360,-4.625384420156479,5.286407262086868
361,-4.665206245013645,5.143454172781536
362,-4.655457181589944,5.322632440498897
363,-4.68876702444894,5.545759396893637
364,-4.62399377993175,5.369494757481983
365,-4.65579754114151,5.3761250248977115
366,-4.640332877635956,5.41151761157172
367,-4.649212130478451,5.5531085431575775
368,-4.627487135784967,5.437298859868731
369,-4.661600768566132,5.597395743642535
370,-4.650863451617105,5.428657685007368
371,-4.663482163633619,5.541698745318821
372,-4.652686417102814,5.4552088763032645
373,-4.63791595186506,5.415911044393267
374,-4.668962836265564,5.437632654394422
375,-4.646209520953042,5.336252110345023
376,-4.665745803288051,5.66341635797705
377,-4.629675056253161,5.33454886504582
378,-4.656970079456057,5.418514813695635
379,-4.666056062494006,5.265712916851044
380,-4.601334171635764,5.442858504397528
381,-4.637002783162253,5.370230998311724
382,-4.639845196689878,5.386782113994871
383,-4.624882272311619,5.1423163541725705
384,-4.576194609914507,5.030622150216784
385,-4.627290938581739,4.926386462790625
386,-4.59272529397692,4.942132851907185
387,-4.572374888828823,5.35447883605957
388,-4.595331196274076,5.263726983751569
389,-4.605956056288311,5.277481185538428
390,-4.617380848952702,5.455253141266959
391,-4.602136658770697,5.345350303820202
392,-4.585277429648808,5.654381654092243
393,-4.621039867401123,5.400012261101177
394,-4.605747078146253,5.381424043859754
395,-4.580969022853034,5.353890797921589
396,-4.578287090573992,5.248004819665637
397,-4.545986971684864,5.029181642191751
398,-4.564769949231829,5.360808232000896
399,-4.5360367000103,5.2207125553062985
400,-4.559002275977816,5.443902258362089
401,-4.582608039890017,5.510674314839499
402,-4.596571522099631,5.587811712707792
403,-4.593756769384656,5.614985397883824
404,-4.595247183527265,5.651249613080706
405,-4.553042820521763,5.747290049280439
406,-4.572253968034472,5.949230594294412
407,-4.567912553037916,5.841559537819454
408,-4.584685159581048,5.887261322566441
409,-4.569459693772452,5.997499223266329
410,-4.563580193689892,5.85673092518534
411,-4.573110265391214,6.000454293830054
412,-4.517429164477757,6.057815475123269
413,-4.552635094949177,5.984938093594143
414,-4.549006023577282,5.998911244528634
415,-4.572476880890982,5.961063976798739
416,-4.53957000374794,5.962796287877219
417,-4.5498992672988345,5.9920900251184195
418,-4.542572098118918,6.236348399094173
419,-4.567142861230033,5.961176982947758
420,-4.559788380350385,6.222911089658737
421,-4.607669021402087,6.073107451200485
422,-4.540007063320705,6.069186981235232
423,-4.535006174019405,6.010538952691214
424,-4.550497216837747,5.8704982442515234
425,-4.520045212336949,6.017043701239994
426,-4.540199748107365,5.872580958264215
427,-4.552377334662846,5.994671515056065
428,-4.4959485956600735,6.132939870868411
429,-4.542871394327709,6.12442639044353
430,-4.576776866401945,6.037806834493365
431,-4.580835027354104,6.252286732196808
432,-4.561572998762131,6.043778317315238
433,-4.583401846034186,5.983193576335907
434,-4.530261737959726,6.1959944026810785
435,-4.538269430398941,6.380518215043204
436,-4.592017275946481,6.259007581642696
437,-4.516128186668668,6.159043231180736
438,-4.511009842157364,6.418630621262959
439,-4.495103176151003,5.9857474863529205
440,-4.520003480570657,6.2074653548853735
441,-4.527169729982104,6.049971214362553
442,-4.549451449087688,6.097510793379375
443,-4.523419959204538,6.431654155254364
444,-4.491405827658517,6.275548104728971
445,-4.509831424270358,6.2317816870553155
446,-4.508303825344358,6.035311639308929
447,-4.545898003237588,6.231335546289172
448,-4.523862149034228,6.300882130861282
449,-4.5142603899751395,6.20965050799506
450,-4.52357587644032,6.010704806872776
451,-4.51200704063688,6.130416380507605
452,-4.541307347161429,6.110544519765036
453,-4.535499972956521,6.036241352558136
454,-4.476834126881191,6.285795126642499
455,-4.526998426233019,6.321233302354813
456,-4.497003197669983,5.880723821265357
457,-4.484732121229172,5.893317946365902
458,-4.484890188489642,5.3591538327080865
459,-4.436717850821359,5.053622509752001
460,-4.433309491191592,5.196814268827438
461,-4.457089700869152,5.270706879241126
462,-4.460990220308304,5.311195969581604
463,-4.4888736094747275,5.75945925286838
464,-4.4477633365562985,5.668792579855237
465,-4.472213898386274,5.777082260165896
466,-4.444119828087943,5.9773662856646945
467,-4.447402328252792,5.986080425126212
468,-4.473517443452563,6.176800187144961
469,-4.411929411547525,6.1184249350002835
470,-4.472192236355373,6.097189562661307
471,-4.454194771392005,6.298229055745261
472,-4.442884513310024,6.512265537466321
473,-4.452977495534079,6.142839742558343
474,-4.42214321238654,6.334376867328372
475,-4.463043344872339,6.245944287095751
476,-4.450450914246695,6.383890965155193
477,-4.447532321725573,6.452075455869947
478,-4.422277246202741,6.43011988060815
479,-4.424917846918106,6.327809516872678
480,-4.4227039984294345,6.574873596429825
481,-4.485183358192444,6.608318729060037
482,-4.462177208491734,6.184447531189237
483,-4.4804633515221735,6.379067020756858
484,-4.443145598684039,6.440004510538919
485,-4.427029200962612,6.298226373536246
486,-4.442739077976772,6.285039067268372
487,-4.459480519805636,6.357216528483799
488,-4.417864744152341,6.684334874153137
489,-4.434805227177484,6.401292894567762
490,-4.429213332278388,6.438168483121054
491,-4.440783854041781,6.600098073482513
492,-4.4226497539452145,6.520165749958584
493,-4.437632692711694,6.336908042430878
494,-4.403214301381793,6.221149402005332
495,-4.439360329083034,6.362700836999076
496,-4.43739977478981,6.655559062957764
497,-4.388919404574803,6.452342727354595
498,-4.452550453799112,6.340993055275509
499,-4.4427498664174765,6.431825348309109
