method,ratio,dataset,accuracy,precision,recall,f1,roc_auc,pr_auc
gan,0.05,train,0.979437304288307,0.9496413628212791,0.6152580114241456,0.746724634275307,0.9607365166244772,0.8354138767257693
gan,0.05,val,0.9752004538257681,0.8024615384615384,0.3333333333333333,0.4710131840346758,0.8998196542687762,0.5173781827018317
gan,0.075,train,0.9800340756740652,0.9719472642264437,0.7446671184690354,0.8432612191200117,0.9721396380948826,0.9070018052230386
gan,0.075,val,0.9751581193324698,0.792814371257485,0.33844580777096117,0.4743819419562881,0.8959984472977062,0.5172838138530982
gan,0.1,train,0.9802846609479909,0.9808219178082191,0.8058184282498729,0.8847492758629854,0.9783182438502294,0.9376846568015446
gan,0.1,val,0.9748702447780403,0.7836538461538461,0.3333333333333333,0.46771879483500717,0.8953536339689464,0.5088927516936255
gan,0.15,train,0.9809712995527767,0.9877355723399575,0.8693666801129488,0.9247787990353836,0.9859400464130734,0.9660826477971104
gan,0.15,val,0.975014182055255,0.7953288260602336,0.33077709611451944,0.46723235241018235,0.8981910214660802,0.5148756952394291
gan,0.2,train,0.9817049605425554,0.9911781142720281,0.901467936538671,0.9441969237009387,0.9892028128327804,0.9777672994384453
gan,0.2,val,0.9745993040209302,0.7777101096224117,0.3264314928425358,0.4598487576521426,0.8916118540193017,0.4934537772203162
gan,0.25,train,0.982436007777884,0.993007357929343,0.9211354329031571,0.955722077687262,0.9914321140063269,0.9842439787661543
gan,0.25,val,0.9743960984530976,0.774074074074074,0.3205521472392638,0.45336225596529284,0.8971157408787807,0.5017213965448387
gan,0.5,train,0.9853162532405196,0.9966487295821213,0.960209505184382,0.9780898447034228,0.9955130385207764,0.9946977319279031
gan,0.5,val,0.9748109764874224,0.791537025513379,0.32515337423312884,0.4609530712085523,0.8951100387427919,0.5056603738666594
